,values
2014-03-12,3.271242377673308e-07
2014-03-13,3.271242377673308e-07
2014-03-14,3.112184287279362e-07
2014-03-17,2.2500185966578993e-07
2014-03-18,6.716964637623581e-08
2014-03-19,1.9027874277687577e-07
2014-03-20,7.567774165855436e-08
2014-03-21,2.2500185966578993e-07
2014-03-24,1.9027874277687577e-07
2014-03-25,2.2500185966578993e-07
2014-03-26,1.981503603674173e-07
2014-03-27,1.827732368024862e-07
2014-03-28,2.2500185966578993e-07
2014-03-31,6.974988145888696e-08
2014-04-01,6.974988145888696e-08
2014-04-02,6.974988145888696e-08
2014-04-03,6.974988145888696e-08
2014-04-04,5.6000298680484195e-08
2014-04-07,5.5451381446414e-08
2014-04-08,5.3697828527013875e-08
2014-04-09,5.40796374635712e-08
2014-04-10,6.8416740980848e-08
2014-04-11,2.350172257810069e-07
2014-04-14,7.912132804230653e-08
2014-04-15,7.912132804230653e-08
2014-04-16,7.567774165855436e-08
2014-04-17,2.4571967862649686e-07
2014-04-22,2.350172257810069e-07
2014-04-23,2.1554162425642668e-07
2014-04-24,2.4571967862649686e-07
2014-04-25,8.495623688553331e-08
2014-04-28,2.8243196728782265e-07
2014-04-29,5.5451381446414e-08
2014-04-30,2.4571967862649686e-07
2014-05-02,6.279287288226753e-08
2014-05-06,6.279287288226753e-08
2014-05-07,7.405673134660246e-08
2014-05-08,5.855231210650317e-08
2014-05-09,2.6945394576275617e-07
2014-05-12,5.44977706897068e-08
2014-05-13,5.44977706897068e-08
2014-05-14,8.490695377760197e-07
2014-05-15,2.6945394576275617e-07
2014-05-16,7.739425768050049e-08
2014-05-19,2.6945394576275617e-07
2014-05-20,7.108664059379115e-08
2014-05-21,5.5451381446414e-08
2014-05-22,6.011191970395591e-08
2014-05-23,5.44977706897068e-08
2014-05-27,5.40796374635712e-08
2014-05-28,5.40796374635712e-08
2014-05-30,6.011191970395591e-08
2014-06-02,6.011191970395591e-08
2014-06-03,6.011191970395591e-08
2014-06-04,6.011191970395591e-08
2014-06-05,6.011191970395591e-08
2014-06-06,2.2500185966578993e-07
2014-06-10,5.930494569306631e-08
2014-06-11,5.930494569306631e-08
2014-06-12,7.912132804230653e-08
2014-06-13,8.099921656614071e-08
2014-06-16,5.855231210650317e-08
2014-06-17,5.855231210650317e-08
2014-06-18,6.279287288226753e-08
2014-06-19,8.099921656614071e-08
2014-06-20,2.4571967862649686e-07
2014-06-23,1.119410757069756e-07
2014-06-24,1.119410757069756e-07
2014-06-25,2.572693956605318e-07
2014-06-26,2.572693956605318e-07
2014-06-27,2.350172257810069e-07
2014-06-30,2.572693956605318e-07
2014-07-01,2.4571967862649686e-07
2014-07-02,5.5451381446413995e-08
2014-07-03,8.099921656614071e-08
2014-07-04,2.350172257810069e-07
2014-07-07,6.011191970395591e-08
2014-07-08,5.4938978807056254e-08
2014-07-09,2.2500185966578993e-07
2014-07-10,6.093513972331849e-08
2014-07-11,2.4571967862649686e-07
2014-07-14,2.350172257810069e-07
2014-07-15,2.4571967862649686e-07
2014-07-16,8.495623688553331e-08
2014-07-17,8.290757578696137e-08
2014-07-18,2.1554162425642668e-07
2014-07-21,1.0543740980930628e-07
2014-07-22,5.238447302614957e-08
2014-07-23,5.6000298680484195e-08
2014-07-24,6.011191970395591e-08
2014-07-25,5.718863868430379e-08
2014-07-28,1.9027874277687577e-07
2014-07-29,1.981503603674173e-07
2014-07-30,2.0658997819560394e-07
2014-07-31,2.2500185966578993e-07
2014-08-04,2.350172257810069e-07
2014-08-05,2.4571967862649686e-07
2014-08-06,5.8552312106503184e-08
2014-08-07,6.716964637623581e-08
2014-08-08,6.974988145888696e-08
2014-08-11,6.381025199151932e-08
2014-08-12,7.108664059379115e-08
2014-08-13,6.974988145888696e-08
2014-08-14,7.255946083809338e-08
2014-08-18,7.108664059379115e-08
2014-08-19,5.3697828527013875e-08
2014-08-20,7.739425768050052e-08
2014-08-21,1.0244513740979123e-07
2014-08-22,6.488918267637999e-08
2014-08-26,2.4571967862649686e-07
2014-08-27,2.9625262054878756e-07
2014-08-28,7.567774165855438e-08
2014-08-29,6.716964637623583e-08
2014-09-01,2.6945394576275617e-07
2014-09-02,2.6945394576275617e-07
2014-09-03,6.716964637623583e-08
2014-09-04,7.912132804230653e-08
2014-09-05,9.174167639990664e-08
2014-09-08,8.290757578696138e-08
2014-09-09,2.8243196728782265e-07
2014-09-10,6.279287288226753e-08
2014-09-11,1.0543740980930628e-07
2014-09-12,8.290757578696138e-08
2014-09-15,2.350172257810069e-07
2014-09-16,7.739425768050052e-08
2014-09-17,6.8416740980848e-08
2014-09-18,2.6945394576275617e-07
2014-09-19,6.8416740980848e-08
2014-09-22,6.8416740980848e-08
2014-09-23,5.1965433676159176e-08
2014-09-24,1.3602017546427726e-07
2014-09-25,9.174167639990664e-08
2014-09-26,6.279287288226753e-08
2014-09-29,1.3602017546427726e-07
2014-09-30,9.174167639990664e-08
2014-10-01,2.572693956605318e-07
2014-10-02,2.350172257810069e-07
2014-10-06,5.4938978807056254e-08
2014-10-07,5.718863868430379e-08
2014-10-08,5.5451381446414e-08
2014-10-09,1.690594535741619e-07
2014-10-10,5.40796374635712e-08
2014-10-13,7.405673134660246e-08
2014-10-14,1.568759313645715e-07
2014-10-15,1.6281366909945155e-07
2014-10-16,7.255946083809338e-08
2014-10-17,7.108664059379115e-08
2014-10-20,8.711107757238077e-08
2014-10-21,8.711107757238077e-08
2014-10-22,1.690594535741619e-07
2014-10-23,8.495623688553333e-08
2014-10-24,8.495623688553333e-08
2014-10-27,8.934140212006412e-08
2014-10-28,6.716964637623583e-08
2014-10-29,1.3602017546427726e-07
2014-10-30,6.600724224495243e-08
2014-10-31,5.781514458934702e-08
2014-11-03,1.5120941771143445e-07
2014-11-04,5.6540196095086355e-08
2014-11-05,6.381025199151932e-08
2014-11-06,6.279287288226753e-08
2014-11-07,6.01119197039559e-08
2014-11-10,5.44977706897068e-08
2014-11-11,5.238447302614956e-08
2014-11-12,1.827732368024862e-07
2014-11-13,5.5451381446414e-08
2014-11-14,2.8243196728782265e-07
2014-11-17,6.488918267637999e-08
2014-11-18,1.5120941771143445e-07
2014-11-19,5.3061037531316884e-08
2014-11-20,1.6281366909945155e-07
2014-11-21,1.5120941771143445e-07
2014-11-24,5.855231210650317e-08
2014-11-25,1.45915476141443e-07
2014-11-26,1.4080004162797742e-07
2014-11-27,7.567774165855438e-08
2014-11-28,1.7570650418616707e-07
2014-12-01,6.093513972331849e-08
2014-12-02,5.930494569306631e-08
2014-12-03,6.600724224495243e-08
2014-12-04,1.827732368024862e-07
2014-12-05,5.718863868430379e-08
2014-12-08,6.974988145888696e-08
2014-12-09,1.7570650418616707e-07
2014-12-10,5.781514458934702e-08
2014-12-11,5.4938978807056254e-08
2014-12-12,1.9027874277687577e-07
2014-12-15,1.3148236618767997e-07
2014-12-16,1.2309731071808544e-07
2014-12-17,1.45915476141443e-07
2014-12-18,1.45915476141443e-07
2014-12-19,1.6281366909945155e-07
2014-12-22,1.6281366909945155e-07
2014-12-23,1.3148236618767997e-07
2014-12-29,1.3602017546427726e-07
2014-12-30,5.930494569306631e-08
2015-01-05,5.338545854045759e-08
2015-01-06,5.338545854045759e-08
2015-01-07,8.290757578696138e-08
2015-01-08,1.1917486973400636e-07
2015-01-09,2.9625262054878756e-07
2015-01-12,5.2804911391707366e-08
2015-01-13,6.18757046458675e-08
2015-01-14,1.3602017546427726e-07
2015-01-15,6.600724224495243e-08
2015-01-16,2.0658997819560394e-07
2015-01-19,2.350172257810069e-07
2015-01-20,6.716964637623581e-08
2015-01-21,2.0658997819560394e-07
2015-01-22,6.18757046458675e-08
2015-01-23,2.350172257810069e-07
2015-01-26,2.350172257810069e-07
2015-01-27,2.350172257810069e-07
2015-01-28,7.255946083809338e-08
2015-01-29,1.690594535741619e-07
2015-01-30,1.690594535741619e-07
2015-02-02,2.572693956605318e-07
2015-02-03,1.3602017546427726e-07
2015-02-04,1.9027874277687577e-07
2015-02-05,1.9027874277687577e-07
2015-02-06,7.436845946541609e-08
2015-02-09,1.4302561297291747e-07
2015-02-10,1.1299637643046479e-07
2015-02-11,1.0403539241686845e-06
2015-02-12,1.3945087528702764e-07
2015-02-13,1.2135846754610146e-07
2015-02-16,1.2245462975747258e-07
2015-02-17,1.2479218221874943e-07
2015-02-18,1.1445254541317437e-06
2015-02-19,2.5940955765424115e-07
2015-02-20,8.952670375365376e-08
2015-02-23,9.933280186357034e-07
2015-02-24,9.9845454183455e-07
2015-02-25,9.933280186357038e-07
2015-02-26,9.933280186357034e-07
2015-02-27,1.3528332593647105e-07
2015-03-02,1.3528332593647105e-07
2015-03-03,9.933280186357038e-07
2015-03-04,6.391053658458903e-08
2015-03-05,9.89859091169501e-07
2015-03-06,4.0455673656946045e-07
2015-03-09,9.906821751991107e-07
2015-03-10,7.738640833140776e-08
2015-03-11,1.019203390326401e-06
2015-03-12,7.255946083809338e-08
2015-03-13,9.677327995689805e-08
2015-03-16,9.836861700957878e-07
2015-03-17,9.848909902525473e-07
2015-03-18,9.89079188839528e-07
2015-03-19,9.89079188839528e-07
2015-03-20,1.2300458669462206e-07
2015-03-23,1.2300458669462206e-07
2015-03-24,9.89079188839528e-07
2015-03-25,1.0527931509827732e-06
2015-03-26,1.005978328873783e-06
2015-03-27,9.89859091169501e-07
2015-03-30,2.3712568232085104e-07
2015-03-31,2.39932346795135e-07
2015-04-01,2.3118581180675213e-07
2015-04-02,2.0669948928562503e-07
2015-04-07,1.0494474418732083e-06
2015-04-08,6.206486390141703e-08
2015-04-09,1.0432347024871629e-06
2015-04-10,1.9943655792059246e-07
2015-04-13,1.5246291218904696e-07
2015-04-14,8.190418196678288e-07
2015-04-15,1.5360457396836395e-07
2015-04-16,1.5766106017457887e-07
2015-04-17,1.2219179053246153e-07
2015-04-20,1.5438516393101306e-07
2015-04-21,1.4954783846168516e-07
2015-04-22,9.89079188839528e-07
2015-04-23,8.195679052110381e-07
2015-04-24,9.855172640591626e-07
2015-04-27,8.185742252218757e-07
2015-04-28,8.185742252218757e-07
2015-04-29,8.190418196678288e-07
2015-04-30,8.177214345406676e-07
2015-05-05,8.190418196678288e-07
2015-05-06,8.177214345406676e-07
2015-05-07,8.190418196678288e-07
2015-05-08,8.207604266646043e-07
2015-05-11,2.650598142532429e-07
2015-05-12,2.1665119761395412e-07
2015-05-13,2.1743693795860103e-07
2015-05-15,8.185742252218757e-07
2015-05-18,8.177214345406676e-07
2015-05-19,8.154081039681946e-07
2015-05-20,5.091643584511152e-07
2015-05-21,8.181200587499488e-07
2015-05-22,8.276697946628964e-07
2015-05-26,5.1074649336982e-07
2015-05-27,5.110623539908237e-07
2015-05-28,5.117977860542629e-07
2015-05-29,5.122336246311097e-07
2015-06-01,8.177214345406676e-07
2015-06-02,5.117977860542629e-07
2015-06-03,8.185742252218757e-07
2015-06-04,2.465016132996789e-07
2015-06-05,6.922392740821303e-07
2015-06-08,2.465016132996789e-07
2015-06-09,6.968387027562752e-07
2015-06-10,6.934333956795992e-07
2015-06-11,6.934333956795992e-07
2015-06-12,6.92995095635935e-07
2015-06-15,6.939144807741424e-07
2015-06-16,8.215919808223626e-07
2015-06-17,6.978043973967232e-07
2015-06-18,8.195972709237409e-07
2015-06-19,7.316362936015194e-07
2015-06-22,8.156628139804894e-07
2015-06-23,8.156628139804894e-07
2015-06-24,8.323709280706534e-07
2015-06-25,8.15831090442139e-07
2015-06-26,6.907324185931332e-07
2015-06-29,6.951292328863603e-07
2015-06-30,6.919205705856747e-07
2015-07-01,4.442075232028545e-07
2015-07-02,6.978043973967232e-07
2015-07-03,4.47474635057101e-07
2015-07-06,4.5303935449704896e-07
2015-07-07,6.996090733139051e-07
2015-07-08,4.4374604513463423e-07
2015-07-09,6.996090733139051e-07
2015-07-10,4.553427952479007e-07
2015-07-13,6.972877497173093e-07
2015-07-14,4.4347145361851613e-07
2015-07-15,6.919205705856747e-07
2015-07-16,4.4595184575431335e-07
2015-07-17,4.505008132376326e-07
2015-07-20,4.455326342718728e-07
2015-07-21,4.455326342718728e-07
2015-07-22,4.455326342718728e-07
2015-07-23,4.5204093055978957e-07
2015-07-24,7.029329625673583e-07
2015-07-27,6.922392740821303e-07
2015-07-28,6.911359356236352e-07
2015-07-29,6.939144807741424e-07
2015-07-30,7.006106021059994e-07
2015-07-31,6.915462470954932e-07
2015-08-03,7.006106021059994e-07
2015-08-04,7.006106021059994e-07
2015-08-05,7.017142385426204e-07
2015-08-06,6.913624948263402e-07
2015-08-07,6.908286397424323e-07
2015-08-10,6.004610316583887e-07
2015-08-11,6.004610316583887e-07
2015-08-12,6.925977123067968e-07
2015-08-13,6.922392740821303e-07
2015-08-14,6.922392740821303e-07
2015-08-17,5.98512056107036e-07
2015-08-18,3.9632608973463247e-07
2015-08-19,5.98512056107036e-07
2015-08-20,3.9165506948082636e-07
2015-08-21,5.985120561070357e-07
2015-08-24,5.937742310824048e-07
2015-08-25,5.937742310824047e-07
2015-08-26,3.9725790688102223e-07
2015-08-27,3.993415554303321e-07
2015-08-28,3.9120893937576953e-07
2015-09-01,5.954721182297933e-07
2015-09-02,5.948537462738075e-07
2015-09-03,3.9216072625226057e-07
2015-09-04,3.927126401173334e-07
2015-09-07,3.9825527722798044e-07
2015-09-08,4.0054314376387684e-07
2015-09-09,5.976579318039472e-07
2015-09-10,6.027682920043778e-07
2015-09-11,6.01550414715575e-07
2015-09-14,3.9077564260820743e-07
2015-09-15,3.9077564260820743e-07
2015-09-16,6.027682920043778e-07
2015-09-17,5.937742310824047e-07
2015-09-18,5.976579318039472e-07
2015-09-21,5.937742310824047e-07
2015-09-22,6.002875086200256e-07
2015-09-23,5.976579318039472e-07
2015-09-24,3.444582140678792e-07
2015-09-25,3.1559988883838867e-07
2015-09-28,5.165602743997899e-07
2015-09-29,5.976579318039472e-07
2015-09-30,6.075257191652504e-07
2015-10-01,6.040643423239399e-07
2015-10-02,6.040643423239399e-07
2015-10-05,5.976579318039472e-07
2015-10-06,6.332067246268713e-07
2015-10-07,5.906951353749897e-07
2015-10-08,6.01550414715575e-07
2015-10-09,5.997118749236464e-07
2015-10-12,5.918011905983017e-07
2015-10-13,5.961410281865985e-07
2015-10-14,5.985818817022059e-07
2015-10-15,1.576580700116186e-07
2015-10-16,5.92871953252603e-07
2015-10-19,5.92871953252603e-07
2015-10-20,5.92871953252603e-07
2015-10-21,2.3055380148381324e-07
2015-10-22,5.968802021806607e-07
2015-10-23,5.937742310824047e-07
2015-10-26,5.937742310824047e-07
2015-10-27,5.937742310824047e-07
2015-10-28,5.937742310824047e-07
2015-10-29,5.905616640401348e-07
2015-10-30,5.933090124161243e-07
2015-11-02,5.933090124161243e-07
2015-11-03,8.185742252218758e-07
2015-11-04,5.948537462738075e-07
2015-11-05,1.4590031345700149e-07
2015-11-06,8.268794889561397e-07
2015-11-09,8.190418196678291e-07
2015-11-10,8.257750057835836e-07
2015-11-11,4.5303935449704896e-07
2015-11-12,4.129993860109089e-07
2015-11-13,2.7633822920851445e-07
2015-11-16,2.811486539007517e-07
2015-11-17,3.927126401173334e-07
2015-11-18,2.7633822920851445e-07
2015-11-19,2.7579007773940076e-07
2015-11-20,5.931898309271208e-07
2015-11-23,5.117977860542629e-07
2015-11-24,5.924757905101391e-07
2015-11-25,5.090303721289479e-07
2015-11-26,3.9165506948082636e-07
2015-11-27,3.9165506948082636e-07
2015-11-30,5.246405745311652e-07
2015-12-01,4.059085691062391e-07
2015-12-02,4.059085691062391e-07
2015-12-03,3.9165506948082636e-07
2015-12-04,4.028349028135347e-06
2015-12-07,4.017852195047866e-06
2015-12-08,3.476849371965422e-07
2015-12-09,5.209973603691932e-07
2015-12-10,6.066593282600648e-07
2015-12-11,5.254618836347682e-07
2015-12-14,4.0335520999180646e-07
2015-12-15,4.026808394195819e-06
2015-12-16,4.004862323576097e-06
2015-12-17,5.873903456039886e-06
2015-12-18,3.9907364568742587e-07
2015-12-21,5.873563839648666e-06
2015-12-22,5.873563839648666e-06
2015-12-23,5.8737694423021895e-06
2015-12-29,5.873563839648666e-06
2015-12-30,5.873567420536326e-06
2016-01-04,7.83651199318196e-06
2016-01-05,5.874204282279178e-06
2016-01-06,5.873731899663005e-06
2016-01-07,5.874133109856102e-06
2016-01-08,5.8735765170185824e-06
2016-01-11,5.8736249443948536e-06
2016-01-12,6.753427893662978e-06
2016-01-13,6.753427893662978e-06
2016-01-14,9.116503503462604e-06
2016-01-15,7.816656770660674e-06
2016-01-18,5.873731899663003e-06
2016-01-19,6.753427893662978e-06
2016-01-20,2.864915188935363e-06
2016-01-21,6.767081576529799e-06
2016-01-22,2.5811772397846567e-06
2016-01-25,2.574141253537488e-06
2016-01-26,9.116455313848652e-06
2016-01-27,5.934934583587892e-07
2016-01-28,2.5820897423563443e-06
2016-01-29,2.5841473867610457e-06
2016-02-01,2.5820897423563443e-06
2016-02-02,9.117318774426299e-06
2016-02-03,6.754233123009811e-06
2016-02-04,6.753452056866999e-06
2016-02-05,9.116522262462119e-06
2016-02-08,9.122444196796091e-07
2016-02-09,7.393600378883356e-07
2016-02-10,8.490752658916434e-07
2016-02-11,9.820382738124872e-07
2016-02-12,1.2725753859584894e-05
2016-02-15,1.9139629185015428e-06
2016-02-16,7.91843588638119e-07
2016-02-17,5.141396186083532e-06
2016-02-18,3.5762413054902674e-07
2016-02-19,1.8521907582493403e-05
2016-02-22,4.871642772259957e-07
2016-02-23,1.272653671655004e-05
2016-02-24,6.754233123009811e-06
2016-02-25,1.925281904069334e-06
2016-02-26,6.753488940833608e-06
2016-02-29,6.753488940833608e-06
2016-03-01,6.770934559873236e-06
2016-03-02,6.755482949044176e-06
2016-03-03,6.770934559873236e-06
2016-03-04,6.774629145710523e-06
2016-03-07,6.77206937154546e-06
2016-03-08,1.344820989570124e-06
2016-03-09,9.116466416555643e-06
2016-03-10,1.272599421090891e-05
2016-03-11,2.8515711020657127e-06
2016-03-14,2.8515481143362526e-06
2016-03-15,5.652217250303367e-07
2016-03-16,2.1026858372104894e-06
2016-03-17,4.932246750783244e-07
2016-03-18,9.130198846530603e-06
2016-03-21,9.130198846530603e-06
2016-03-22,3.1801475444542828e-06
2016-03-23,9.142359398908956e-06
2016-03-24,9.134052348369726e-06
2016-03-29,9.137748985100248e-06
2016-03-30,9.137748985100248e-06
2016-03-31,9.11648589582746e-06
2016-04-01,9.153012756654992e-06
2016-04-04,9.116503503462613e-06
2016-04-05,9.116466416555662e-06
2016-04-06,9.116473710695213e-06
2016-04-07,9.116749684884017e-06
2016-04-08,9.116706489418403e-06
2016-04-11,9.116631924374541e-06
2016-04-12,9.116958882421304e-06
2016-04-13,9.119260970502519e-06
2016-04-14,9.130198846530603e-06
2016-04-15,9.118429112537123e-06
2016-04-18,9.118429112537123e-06
2016-04-19,9.116570262019445e-06
2016-04-20,9.116958882421304e-06
2016-04-21,9.150501473245311e-06
2016-04-22,9.116545749875705e-06
2016-04-25,9.119076379142662e-06
2016-04-26,9.118429112537123e-06
2016-04-27,9.116455313848652e-06
2016-04-28,9.118429112537123e-06
2016-04-29,9.116460456180653e-06
2016-05-03,9.118429112537123e-06
2016-05-04,9.118162313064187e-06
2016-05-06,9.11758960435235e-06
2016-05-09,9.119076379142662e-06
2016-05-10,9.119076379142662e-06
2016-05-11,9.118034584113136e-06
2016-05-12,1.072578667438689e-05
2016-05-13,1.0721179706557155e-05
2016-05-17,9.134052348369726e-06
2016-05-18,9.121130274199092e-06
2016-05-19,9.116600512033055e-06
2016-05-20,1.072578667438689e-05
2016-05-23,1.075076107650535e-05
2016-05-24,1.0721078705366512e-05
2016-05-25,1.0721345561296249e-05
2016-05-26,1.0721389056888065e-05
2016-05-27,1.0723555814309312e-05
2016-05-31,1.0721088246629167e-05
2016-06-01,1.072550356328537e-05
2016-06-02,1.072550356328537e-05
2016-06-03,1.0723729291787632e-05
2016-06-06,9.117692830674527e-06
2016-06-07,1.0721438897618547e-05
2016-06-08,6.75394151835125e-06
2016-06-09,5.8766608018450174e-06
2016-06-10,9.116570262019447e-06
2016-06-13,9.116570262019447e-06
2016-06-14,9.116664486156041e-06
2016-06-15,9.11740133789836e-06
2016-06-16,9.272960926812072e-06
2016-06-17,9.119260970502519e-06
2016-06-20,9.116850094073613e-06
2016-06-21,9.124011167767358e-06
2016-06-22,9.118034584113136e-06
2016-06-23,9.124011167767358e-06
2016-06-24,9.118292231246104e-06
2016-06-27,9.118162313064187e-06
2016-06-28,6.002875086200258e-07
2016-06-29,6.009000917860208e-07
2016-06-30,4.004998157293038e-06
2016-07-01,9.117019157805461e-06
2016-07-04,4.014292462477746e-06
2016-07-05,3.1768393475088666e-07
2016-07-06,1.0710706782298588e-06
2016-07-07,2.3329071164888135e-06
2016-07-08,4.006294775754049e-06
2016-07-11,2.3329071164888135e-06
2016-07-12,2.3214124005659645e-06
2016-07-13,2.3200981550199085e-06
2016-07-14,6.009000917860207e-07
2016-07-15,2.319644567326326e-06
2016-07-18,5.985818817022059e-07
2016-07-19,2.56706276994112e-06
2016-07-20,2.31979840632334e-06
2016-07-21,2.3287642697623283e-06
2016-07-22,9.131991473646662e-06
2016-07-25,9.117797978743326e-06
2016-07-26,5.924757905101391e-07
2016-07-27,8.164655265036783e-07
2016-07-28,9.075737526074539e-07
2016-07-29,2.6087944046727038e-06
2016-08-02,9.120332446052082e-06
2016-08-03,5.924757905101391e-07
2016-08-04,9.116503503462613e-06
2016-08-05,9.155747102583362e-06
2016-08-08,1.1331420370517661e-06
2016-08-09,8.744716170257772e-07
2016-08-10,8.744716170257772e-07
2016-08-11,8.744716170257772e-07
2016-08-12,8.330266098626581e-07
2016-08-16,9.117318774426299e-06
2016-08-17,2.5852797970531864e-06
2016-08-18,8.744716170257772e-07
2016-08-19,8.152391798238458e-07
2016-08-22,8.152391798238458e-07
2016-08-23,4.501748128466228e-07
2016-08-24,9.117318774426299e-06
2016-08-25,9.158723689700674e-06
2016-08-26,2.339106370955705e-06
2016-08-30,9.457334347117712e-07
2016-08-31,9.075737526074539e-07
2016-09-01,6.015246173867066e-07
2016-09-02,8.904611871324236e-07
2016-09-05,2.5852797970531864e-06
2016-09-06,9.260266966557293e-07
2016-09-07,9.075737526074539e-07
2016-09-08,8.744716170257772e-07
2016-09-09,8.904611871324236e-07
2016-09-12,5.980603193499439e-07
2016-09-13,5.980603193499439e-07
2016-09-14,5.980603193499439e-07
2016-09-15,6.050628507261971e-07
2016-09-16,9.260266966557293e-07
2016-09-19,2.103538377316714e-06
2016-09-20,5.934934583587892e-07
2016-09-21,6.144018445874221e-07
2016-09-22,8.174108764502671e-07
2016-09-23,5.934934583587892e-07
2016-09-26,8.455045882591039e-07
2016-09-27,2.5669957111174385e-06
2016-09-28,8.744716170257772e-07
2016-09-29,4.3627003023391766e-07
2016-09-30,1.0849762503889108e-06
2016-10-04,5.961571244367249e-07
2016-10-05,5.997118749236464e-07
2016-10-06,6.035736951724392e-07
2016-10-07,9.260266966557293e-07
2016-10-10,5.957306110706713e-07
2016-10-11,8.455045882591039e-07
2016-10-12,8.455045882591039e-07
2016-10-13,5.970644338278415e-07
2016-10-14,5.912615205338604e-07
2016-10-17,8.455045882591039e-07
2016-10-18,5.957306110706713e-07
2016-10-19,5.975728946330033e-07
2016-10-20,8.904611871324236e-07
2016-10-21,8.182507040400995e-07
2016-10-24,5.975728946330033e-07
2016-10-25,5.92871953252603e-07
2016-10-26,6.066593282600648e-07
2016-10-27,5.991432901965039e-07
2016-10-28,5.991432901965039e-07
2016-10-31,8.594100297322974e-07
2016-11-01,5.980603193499439e-07
2016-11-02,5.980603193499439e-07
2016-11-03,5.980603193499439e-07
2016-11-04,9.158723689700674e-06
2016-11-07,1.0760412997082844e-05
2016-11-08,1.0760412997082844e-05
2016-11-09,6.959412614674506e-07
2016-11-10,3.219059458843739e-06
2016-11-11,1.6950178423290432e-07
2016-11-14,1.7458208688909395e-07
2016-11-15,9.86862702805572e-07
2016-11-16,1.727586244685827e-07
2016-11-17,1.8888810281584593e-07
2016-11-18,2.0331902425459966e-07
2016-11-21,9.85517264059163e-07
2016-11-22,1.8598697054759333e-07
2016-11-23,9.831112009335666e-07
2016-11-24,7.394074168958557e-07
2016-11-25,1.0104552406618463e-06
2016-11-28,1.0253288265119744e-06
2016-11-29,7.37333447301689e-07
2016-11-30,1.0104552406618463e-06
2016-12-01,7.460872695981137e-07
2016-12-02,1.8775408098115715e-07
2016-12-05,7.208133878092019e-07
2016-12-06,5.818418979004109e-08
2016-12-07,9.800877544922667e-07
2016-12-08,1.0752864920537733e-05
2016-12-09,1.008899135726017e-06
2016-12-12,6.993742190903756e-07
2016-12-13,7.181802538850739e-07
2016-12-14,1.0752864920537733e-05
2016-12-15,2.2797027427993275e-07
2016-12-16,7.594116946813065e-07
2016-12-19,7.460872695981137e-07
2016-12-20,7.882430426933885e-07
2016-12-21,2.2321244376201082e-07
2016-12-22,7.624606470753219e-07
2016-12-23,1.0757675603420971e-05
2016-12-28,1.0757675603420971e-05
2016-12-29,7.565336028588573e-07
2016-12-30,7.353913566744851e-07
2017-01-03,7.565336028588573e-07
2017-01-04,7.565336028588573e-07
2017-01-05,1.0757675603420971e-05
2017-01-06,7.181802538850739e-07
2017-01-09,1.0757675603420968e-05
2017-01-10,9.327122152066975e-07
2017-01-11,6.951292328863607e-07
2017-01-12,7.005198341082026e-07
2017-01-13,9.457873109009797e-07
2017-01-16,3.2215596678827475e-07
2017-01-17,9.457873109009797e-07
2017-01-18,9.457873109009797e-07
2017-01-19,9.457873109009797e-07
2017-01-20,9.457873109009797e-07
2017-01-23,9.457873109009797e-07
2017-01-24,9.457873109009797e-07
2017-01-25,7.250924616896377e-07
2017-01-26,7.114702984253543e-07
2017-01-27,9.204299303820287e-07
2017-01-30,9.327122152066975e-07
2017-01-31,1.0755165778526348e-05
2017-02-01,7.157799531855822e-07
2017-02-02,8.878671622376442e-07
2017-02-03,7.353913566744851e-07
2017-02-06,8.878671622376442e-07
2017-02-07,9.327122152066975e-07
2017-02-08,9.327122152066975e-07
2017-02-09,8.878671622376442e-07
2017-02-10,1.20152299049453e-06
2017-02-13,9.457873109009797e-07
2017-02-14,8.311527643896277e-07
2017-02-15,8.379151658710274e-07
2017-02-16,7.169928860099576e-07
2017-02-17,9.204299303820287e-07
2017-02-20,7.149078719584563e-07
2017-02-21,9.204299303820287e-07
2017-02-22,8.78294284812308e-07
2017-02-23,7.105200905493627e-07
2017-02-24,7.157799531855822e-07
2017-02-27,7.072022929169302e-07
2017-02-28,7.594116946813065e-07
2017-03-01,8.606897015331484e-07
2017-03-02,8.692435270781132e-07
2017-03-03,8.692435270781132e-07
2017-03-06,9.204299303820287e-07
2017-03-07,9.204299303820287e-07
2017-03-08,9.204299303820287e-07
2017-03-09,9.204299303820287e-07
2017-03-10,6.90436258661278e-07
2017-03-13,7.169928860099576e-07
2017-03-14,7.114702984253543e-07
2017-03-15,7.114702984253543e-07
2017-03-16,7.0310176939167e-07
2017-03-17,7.114702984253543e-07
2017-03-20,7.135565612335377e-07
2017-03-21,7.135565612335377e-07
2017-03-22,7.135565612335377e-07
2017-03-23,7.135565612335377e-07
2017-03-24,7.12506899767967e-07
2017-03-27,7.12506899767967e-07
2017-03-28,7.12506899767967e-07
2017-03-29,1.9547550797147694e-07
2017-03-30,7.799555234448838e-07
2017-03-31,7.060866219540015e-07
2017-04-03,4.5823651358413876e-07
2017-04-04,8.75171189299118e-08
2017-04-05,7.578818450154349e-08
2017-04-06,6.968387027562752e-07
2017-04-07,2.2966274787459817e-07
2017-04-10,1.1365532993373126e-06
2017-04-11,8.379151658710274e-07
2017-04-12,7.76093222248265e-07
2017-04-13,2.844312140380834e-07
2017-04-18,2.2108056994908286e-07
2017-04-19,1.1203232422615849e-07
2017-04-20,1.15064209142214e-07
2017-04-21,9.330561686001136e-08
2017-04-24,9.868627028055724e-07
2017-04-25,9.82019423160972e-07
2017-04-26,7.146614356236352e-07
2017-04-27,7.37333447301689e-07
2017-04-28,1.1700839101830764e-07
2017-05-02,8.379151658710274e-07
2017-05-03,9.805591440177403e-07
2017-05-04,6.963738131979806e-07
2017-05-05,9.898590911695006e-07
2017-05-08,9.90682175199111e-07
2017-05-09,9.805591440177403e-07
2017-05-10,7.236022922578983e-07
2017-05-11,7.045417079497038e-07
2017-05-12,9.810097554887369e-07
2017-05-15,9.875832313838812e-07
2017-05-16,9.831112009335666e-07
2017-05-17,9.805591440177403e-07
2017-05-18,9.87583231383881e-07
2017-05-19,9.995736662968974e-07
2017-05-22,7.045417079497038e-07
2017-05-23,1.000787219033481e-06
2017-05-24,2.0481940084841536e-07
2017-05-26,9.995736662968974e-07
2017-05-30,9.767162121327811e-07
2017-05-31,9.767162121327811e-07
2017-06-01,9.767162121327811e-07
2017-06-02,9.767162121327811e-07
2017-06-06,9.770420555012122e-07
2017-06-07,9.773550178053595e-07
2017-06-08,9.855172640591626e-07
2017-06-09,1.0905933744178465e-07
2017-06-12,1.0905933744178465e-07
2017-06-13,1.0905933744178465e-07
2017-06-14,1.1218583582935434e-07
2017-06-15,1.0032642836564644e-06
2017-06-16,9.85517264059163e-07
2017-06-19,9.770420555012122e-07
2017-06-20,9.770420555012122e-07
2017-06-21,7.72433005959913e-07
2017-06-22,1.0541144587745963e-07
2017-06-23,9.861859443593722e-07
2017-06-26,9.441228891198931e-08
2017-06-27,9.842680901521848e-07
2017-06-28,9.770420555012122e-07
2017-06-29,1.000787219033481e-06
2017-06-30,1.0032642836564644e-06
2017-07-03,1.0032642836564644e-06
2017-07-04,1.0032642836564644e-06
2017-07-05,5.837329582357568e-08
2017-07-06,1.008899135726017e-06
2017-07-07,1.0120345677881817e-06
2017-07-10,9.868627028055724e-07
2017-07-11,9.868627028055724e-07
2017-07-12,9.883085476018327e-07
2017-07-13,1.0120345677881815e-06
2017-07-14,9.962954061061095e-07
2017-07-17,9.89079188839528e-07
2017-07-18,9.848909902525473e-07
2017-07-19,9.848909902525473e-07
2017-07-20,7.114702984253543e-07
2017-07-21,7.114702984253543e-07
2017-07-24,7.105200905493627e-07
2017-07-25,9.855172640591626e-07
2017-07-26,9.89079188839528e-07
2017-07-27,9.875832313838812e-07
2017-07-28,7.146614356236352e-07
2017-07-31,9.85517264059163e-07
2017-08-02,9.78435457971597e-07
2017-08-03,9.848909902525473e-07
2017-08-04,7.157799531855822e-07
2017-08-07,9.78435457971597e-07
2017-08-08,9.78435457971597e-07
2017-08-09,6.933816223782743e-07
2017-08-10,9.87583231383881e-07
2017-08-11,9.87583231383881e-07
2017-08-14,9.87583231383881e-07
2017-08-16,9.788225368080795e-07
2017-08-17,7.485078045344283e-07
2017-08-18,9.77701981696396e-07
2017-08-21,9.875832313838812e-07
2017-08-22,9.87583231383881e-07
2017-08-23,9.805591440177403e-07
2017-08-24,9.77701981696396e-07
2017-08-25,9.89859091169501e-07
2017-08-29,7.181802538850739e-07
2017-08-30,9.78435457971597e-07
2017-08-31,9.78435457971597e-07
2017-09-01,6.903306344869742e-07
2017-09-04,6.903306344869742e-07
2017-09-05,9.805591440177405e-07
2017-09-06,9.7735501780536e-07
2017-09-07,9.773550178053595e-07
2017-09-08,9.805591440177405e-07
2017-09-11,9.87583231383881e-07
2017-09-12,9.868627028055724e-07
2017-09-13,2.1859296416396166e-07
2017-09-14,2.1859296416396166e-07
2017-09-15,9.457873109009797e-07
2017-09-18,9.89859091169501e-07
2017-09-19,9.825477238378426e-07
2017-09-20,9.805591440177405e-07
2017-09-21,9.842680901521855e-07
2017-09-22,9.89079188839528e-07
2017-09-25,9.825477238378426e-07
2017-09-26,9.855172640591626e-07
2017-09-27,1.0032642836564644e-06
2017-09-28,1.0154475209547712e-06
2017-09-29,8.379151658710274e-07
2017-10-02,1.1703056683384787e-06
2017-10-03,8.589096039525037e-08
2017-10-04,9.78078337306004e-07
2017-10-05,7.689669946948788e-07
2017-10-06,7.266480879914523e-07
2017-10-09,7.266480879914523e-07
2017-10-10,7.181802538850739e-07
2017-10-11,6.943890610221018e-07
2017-10-12,6.943890610221018e-07
2017-10-13,9.82019423160972e-07
2017-10-16,9.82019423160972e-07
2017-10-17,1.0120345677881815e-06
2017-10-18,9.796485756335243e-07
2017-10-19,9.796485756335243e-07
2017-10-20,1.0137296805938735e-06
2017-10-23,9.925040192976564e-07
2017-10-24,9.743894229509968e-07
2017-10-25,9.815251572911821e-07
2017-10-26,9.831112009335666e-07
2017-10-27,6.959412614674506e-07
2017-10-30,9.831112009335666e-07
2017-10-31,9.902322303960708e-07
2017-11-01,1.0176020341703919e-06
2017-11-02,1.0176020341703919e-06
2017-11-03,1.0176020341703919e-06
2017-11-06,1.0176020341703919e-06
2017-11-07,1.0176020341703915e-06
2017-11-08,1.0176020341703915e-06
2017-11-09,8.25746168440104e-07
2017-11-10,9.978345317667027e-07
2017-11-13,9.978345317667027e-07
2017-11-14,7.1275333713287e-07
2017-11-15,7.1275333713287e-07
2017-11-16,9.82965882597873e-07
2017-11-17,9.797644420037152e-07
2017-11-20,9.797644420037152e-07
2017-11-21,9.797644420037152e-07
2017-11-22,9.757778924511546e-07
2017-11-23,1.6984333432118072e-07
2017-11-24,1.6984333432118072e-07
2017-11-27,1.0819069576327447e-06
2017-11-28,1.6984333432118072e-07
2017-11-29,9.822470913404013e-07
2017-11-30,1.6984333432118072e-07
2017-12-01,1.0695651982793922e-06
2017-12-04,9.902361398728081e-07
2017-12-05,9.797941327351245e-07
2017-12-06,9.905710669540858e-07
2017-12-07,7.051947387098956e-07
2017-12-08,7.051947387098956e-07
2017-12-11,1.4469591030287952e-06
2017-12-12,7.537890075771979e-07
2017-12-13,9.781369865355604e-07
2017-12-14,1.006483864816375e-06
2017-12-15,9.86167684536311e-07
2017-12-18,1.0031201675735696e-06
2017-12-19,9.948636064499652e-07
2017-12-20,1.5281416053172283e-06
2017-12-21,1.0192749108266726e-06
2017-12-22,1.5281476538116697e-06
2017-12-27,1.5281476538116697e-06
2017-12-28,1.5283382310679855e-06
2017-12-29,1.44699436121787e-06
2018-01-03,7.179521888820225e-07
2018-01-04,9.780819351152958e-07
2018-01-05,1.0260074563761008e-06
2018-01-08,7.952260927910259e-07
2018-01-09,9.847756631577008e-07
2018-01-10,9.941935074355268e-07
2018-01-11,1.0667880742863087e-07
2018-01-12,1.2454129447473904e-06
2018-01-15,5.214606601323898e-07
2018-01-16,1.0174184916612317e-06
2018-01-17,9.918276814969203e-07
2018-01-18,9.899013270837378e-07
2018-01-19,9.88048638419965e-07
2018-01-22,1.0312439310756832e-06
2018-01-23,1.3805805346949544e-06
2018-01-24,9.848510710521914e-07
2018-01-25,9.941935074355268e-07
2018-01-26,9.859278300561883e-07
2018-01-29,9.859278300561883e-07
2018-01-30,9.859278300561883e-07
2018-01-31,9.84366474593631e-07
2018-02-01,9.907557051344502e-07
2018-02-02,1.0250679536829993e-06
2018-02-05,9.886585559029169e-07
2018-02-06,1.0021033611195408e-06
2018-02-07,9.280587415730125e-07
2018-02-08,9.84198970927606e-07
2018-02-09,9.872129877939092e-07
2018-02-12,1.0057033011683401e-06
2018-02-13,9.830427233184215e-07
2018-02-14,9.867801100224816e-07
2018-02-15,9.911549559501447e-07
2018-02-16,9.844681359480274e-07
2018-02-19,9.837678161083463e-07
2018-02-20,9.810612478912537e-07
2018-02-21,9.864423815853691e-07
2018-02-22,9.864423815853691e-07
2018-02-23,1.0131568254828842e-06
2018-02-26,1.4471417817994152e-06
2018-02-27,9.807899491331591e-07
2018-02-28,1.0313601698191345e-06
2018-03-01,1.5455694520383357e-07
2018-03-02,9.828148390050185e-07
2018-03-05,1.0906505110384008e-06
2018-03-06,1.591956283820015e-07
2018-03-07,1.0312581944977934e-06
2018-03-08,1.03722980627494e-06
2018-03-09,1.0907803516927268e-06
2018-03-12,1.0906348252000334e-06
2018-03-13,1.037156628352731e-06
2018-03-14,1.0370913779656535e-06
2018-03-15,9.816143723686149e-07
2018-03-16,1.0906505110384008e-06
2018-03-19,7.229948355735458e-07
2018-03-20,1.4470752670014229e-06
2018-03-21,1.5281476538116697e-06
2018-03-22,1.447105719934476e-06
2018-03-23,8.331993728657781e-07
2018-03-26,1.0907040076755035e-06
2018-03-27,8.341485770591096e-07
2018-03-28,8.390037800305219e-07
2018-03-29,6.948361880234741e-07
2018-04-03,9.202455242487457e-07
2018-04-04,9.006191138403813e-07
2018-04-05,2.3568120611967833e-07
2018-04-06,8.230960510809433e-07
2018-04-09,9.006210996832455e-07
2018-04-10,8.245335291312362e-07
2018-04-11,8.301389951361571e-07
2018-04-12,1.1481275304953552e-07
2018-04-13,8.330709187260793e-07
2018-04-16,1.8865094300124034e-07
2018-04-17,3.722672455929995e-07
2018-04-18,4.6850845332432416e-07
2018-04-19,5.946789241373165e-07
2018-04-20,6.016396106129734e-07
2018-04-23,1.0525554916663801e-07
2018-04-24,6.007580775444023e-07
2018-04-25,9.154870088409512e-07
2018-04-26,5.989431892638279e-07
2018-04-27,1.4119413315985957e-07
2018-04-30,6.152830539966164e-07
2018-05-02,6.048891659283313e-07
2018-05-03,9.00844981234843e-07
2018-05-04,8.586118615260524e-07
2018-05-08,1.3920774831909952e-07
2018-05-09,1.3920774831909952e-07
2018-05-11,1.1473971126743851e-07
2018-05-14,1.1340453343954959e-07
2018-05-15,1.2574344374887224e-07
2018-05-16,8.224064582411639e-07
2018-05-17,8.225066875290083e-07
2018-05-18,1.2893978754599316e-07
2018-05-22,5.952350469347955e-07
2018-05-23,1.49516009306409e-07
2018-05-24,1.3564880584425334e-07
2018-05-25,1.2967086551363534e-07
2018-05-29,5.942914704246239e-07
2018-05-30,7.843797458239101e-07
2018-05-31,9.559466662758882e-08
2018-06-01,9.783026684812383e-08
2018-06-04,9.783026684812383e-08
2018-06-05,4.511434734046188e-07
2018-06-06,1.0231056473762379e-06
2018-06-07,8.199743764629487e-07
2018-06-08,5.949785968047874e-07
2018-06-11,5.027860729587375e-07
2018-06-12,8.209433066478946e-07
2018-06-13,8.209433066478946e-07
2018-06-14,8.522782501478208e-07
2018-06-15,1.3085379429339727e-07
2018-06-18,1.0957214392365622e-07
2018-06-19,4.859937660049359e-07
2018-06-20,1.3038950910634389e-07
2018-06-21,1.175458455205437e-07
2018-06-22,3.8737903257933337e-07
2018-06-25,9.870991717525226e-08
2018-06-26,1.1075647666220474e-07
2018-06-27,1.1209467404511743e-07
2018-06-28,1.2464320567807768e-07
2018-06-29,9.203641414959157e-07
2018-07-02,9.204576015354358e-07
2018-07-03,9.204098314502894e-07
2018-07-04,1.413080322910851e-07
2018-07-05,8.463737204013703e-07
2018-07-06,8.468210619451944e-07
2018-07-09,8.468210619451944e-07
2018-07-10,1.0899312695680886e-07
2018-07-11,1.0899312695680886e-07
2018-07-12,1.0899312695680886e-07
2018-07-13,1.0899312695680886e-07
2018-07-16,8.501189385105872e-07
2018-07-17,1.160896439495525e-07
2018-07-18,1.0668672465633974e-07
2018-07-19,1.0668672465633974e-07
2018-07-20,1.0668672465633974e-07
2018-07-23,1.334507446803803e-07
2018-07-24,1.5707561515871285e-07
2018-07-25,1.5447364518638226e-07
2018-07-26,1.5998346500012195e-07
2018-07-27,8.513090452181919e-07
2018-07-30,1.320107031560525e-07
2018-07-31,1.2042259975416962e-07
2018-08-02,1.3036190992040196e-07
2018-08-03,3.67810484541116e-07
2018-08-06,8.289464285781749e-07
2018-08-07,3.591179139840201e-07
2018-08-08,1.427630339943101e-07
2018-08-09,7.814580194565714e-07
2018-08-10,1.3210838912448967e-07
2018-08-13,1.4906834993519117e-07
2018-08-14,1.4906834993519117e-07
2018-08-16,1.471479975279832e-07
2018-08-17,1.471479975279832e-07
2018-08-20,3.78840193152545e-07
2018-08-21,3.7776769664609157e-07
2018-08-22,1.4380080294470228e-07
2018-08-23,4.1046016352495803e-07
2018-08-24,2.9851974995183103e-07
2018-08-28,7.730310560399923e-08
2018-08-29,8.039414122164713e-08
2018-08-30,2.811941317949092e-07
2018-08-31,7.917974750052153e-07
2018-09-03,4.6611971784753876e-07
2018-09-04,2.8829366175115664e-07
2018-09-05,3.6622010802551007e-07
2018-09-06,2.8587509868366715e-06
2018-09-07,1.6211054953948812e-07
2018-09-10,1.1491964548599832e-07
2018-09-11,1.0646828246663716e-07
2018-09-12,8.655610767975685e-07
2018-09-13,8.655610767975685e-07
2018-09-14,8.617316569438674e-07
2018-09-17,8.617316569438674e-07
2018-09-18,8.617316569438674e-07
2018-09-19,1.3335822605111473e-07
2018-09-21,1.333582260511147e-07
2018-09-24,1.333582260511147e-07
2018-09-25,1.333582260511147e-07
2018-09-26,1.333582260511147e-07
2018-09-27,8.59474528613353e-07
2018-09-28,8.974212476217533e-07
2018-10-01,1.3895146052172567e-07
2018-10-02,8.949540396908838e-07
2018-10-04,9.027928271604423e-07
2018-10-05,8.957203222355724e-07
2018-10-08,2.8687605872344327e-06
2018-10-09,2.863351526342476e-06
2018-10-10,2.8592088782902666e-06
2018-10-11,2.882947452466382e-06
2018-10-12,2.906147790923024e-06
2018-10-15,2.8592178733847978e-06
2018-10-16,2.152468908123758e-07
2018-10-17,2.7045625287968385e-07
2018-10-18,8.582026745569197e-07
2018-10-19,2.6483020252166013e-07
2018-10-22,2.6483020252166013e-07
2018-10-23,9.207370071363307e-07
2018-10-24,9.53401660348656e-07
2018-10-25,2.860213358852791e-06
2018-10-26,2.860213358852791e-06
2018-10-29,6.556938240763175e-07
2018-10-30,2.860767160423333e-06
2018-10-31,2.0102836232021372e-07
2018-11-01,3.961433395125699e-07
2018-11-02,2.8687605872344327e-06
2018-11-05,3.3024072709778796e-07
2018-11-06,2.0127707237780494e-07
2018-11-07,2.872451971334706e-06
2018-11-08,1.4326594533390562e-07
2018-11-09,1.3784569811749738e-07
2018-11-12,2.0825889906290452e-07
2018-11-13,1.2137538960915412e-07
2018-11-14,9.493610824078613e-08
2018-11-15,1.0604422327565333e-07
2018-11-16,8.560719635339341e-07
2018-11-19,1.5561490432710128e-07
2018-11-20,8.556205750297197e-07
2018-11-21,8.850081807992058e-08
2018-11-22,3.1246236863210447e-07
2018-11-23,8.850081807992058e-08
2018-11-26,2.1055360347189503e-07
2018-11-27,2.1055360347189503e-07
2018-11-28,2.140044606774911e-07
2018-11-29,2.140044606774911e-07
2018-11-30,2.140044606774911e-07
2018-12-03,2.1728347685314557e-07
2018-12-04,2.1119617962990743e-07
2018-12-05,2.147653587780132e-07
2018-12-06,2.1815875539490696e-07
2018-12-07,2.1815875539490696e-07
2018-12-10,9.299694659921828e-08
2018-12-11,2.1641890174027602e-07
2018-12-12,9.567549202443994e-08
2018-12-13,2.1815875539490696e-07
2018-12-14,2.1815875539490696e-07
2018-12-17,9.384195010802315e-08
2018-12-18,9.567549202443994e-08
2018-12-19,9.767771623717661e-08
2018-12-20,8.582026745569197e-07
2018-12-21,9.477079866751774e-08
2018-12-27,8.679093336865966e-07
2018-12-28,2.1254806362047924e-07
2019-01-03,2.118520500986877e-07
2019-01-04,2.1119617962990743e-07
2019-01-07,2.1119617962990743e-07
2019-01-08,2.0880516349800236e-07
2019-01-09,2.118520500986877e-07
2019-01-10,2.1055360347189503e-07
2019-01-11,2.118520500986877e-07
2019-01-14,2.093587943643068e-07
2019-01-15,2.093587943643068e-07
2019-01-16,2.147653587780132e-07
2019-01-17,2.147653587780132e-07
2019-01-18,2.0880516349800236e-07
2019-01-21,2.093587943643068e-07
2019-01-22,2.0825889906290452e-07
2019-01-23,2.118520500986877e-07
2019-01-24,2.093587943643068e-07
2019-01-25,2.1556968380811565e-07
2019-01-28,2.1325306101424696e-07
2019-01-29,2.147653587780132e-07
2019-01-30,2.147653587780132e-07
2019-01-31,2.1556968380811565e-07
2019-02-01,6.872808968157541e-08
2019-02-04,2.0880516349800236e-07
2019-02-05,2.0825889906290452e-07
2019-02-06,2.0825889906290452e-07
2019-02-07,2.1325306101424696e-07
2019-02-08,2.1325306101424696e-07
2019-02-11,2.1556968380811565e-07
2019-02-12,2.1728347685314557e-07
2019-02-13,2.0880516349800236e-07
2019-02-14,2.1325306101424696e-07
2019-02-15,2.1325306101424696e-07
2019-02-18,2.147653587780132e-07
2019-02-19,2.140044606774911e-07
2019-02-20,2.147653587780132e-07
2019-02-21,2.147653587780132e-07
2019-02-22,2.140044606774911e-07
2019-02-25,2.1556968380811565e-07
2019-02-26,2.140044606774911e-07
2019-02-27,2.147653587780132e-07
2019-02-28,2.1556968380811565e-07
2019-03-01,2.1641890174027602e-07
2019-03-04,2.1728347685314557e-07
2019-03-05,2.147653587780132e-07
2019-03-06,2.140044606774911e-07
2019-03-07,2.147653587780132e-07
2019-03-08,2.140044606774911e-07
2019-03-11,2.140044606774911e-07
2019-03-12,2.140044606774911e-07
2019-03-13,2.140044606774911e-07
2019-03-14,2.1325306101424696e-07
2019-03-15,2.1325306101424696e-07
2019-03-18,2.1325306101424696e-07
2019-03-19,2.1325306101424696e-07
2019-03-20,2.3208089303559408e-07
2019-03-21,2.1325306101424696e-07
2019-03-22,2.1325306101424696e-07
2019-03-25,2.1254806362047924e-07
2019-03-26,2.0880516349800236e-07
2019-03-27,2.0825889906290452e-07
2019-03-28,2.118520500986877e-07
2019-03-29,1.7619801085670237e-07
2019-04-01,2.118520500986877e-07
2019-04-02,2.118520500986877e-07
2019-04-03,2.1325306101424696e-07
2019-04-04,1.9627440307595298e-07
2019-04-05,1.9868677553731184e-07
2019-04-08,1.9703462916935433e-07
2019-04-09,1.9482417516466971e-07
2019-04-10,1.955283799000292e-07
2019-04-11,1.9627440307595298e-07
2019-04-12,2.5887971338511027e-07
2019-04-15,2.5887971338511027e-07
2019-04-16,2.5887971338511027e-07
2019-04-17,2.5665361130154143e-07
2019-04-18,2.5665361130154143e-07
2019-04-23,2.552939936552785e-07
2019-04-24,2.573646571897503e-07
2019-04-25,2.5665361130154143e-07
2019-04-26,2.573646571897503e-07
2019-04-29,2.573646571897503e-07
2019-04-30,2.573646571897503e-07
2019-05-02,2.573646571897503e-07
2019-05-03,2.5665361130154143e-07
2019-05-07,2.596897330201242e-07
2019-05-08,2.581174186902829e-07
2019-05-09,7.520927051010428e-08
2019-05-10,7.520927051010428e-08
2019-05-13,7.624634531514247e-08
2019-05-14,1.9954636280940753e-07
2019-05-15,7.520927051010428e-08
2019-05-16,1.9412893349443259e-07
2019-05-17,4.362700302339176e-07
2019-05-20,2.0137919463778712e-07
2019-05-21,2.0137919463778712e-07
2019-05-22,4.362700302339176e-07
2019-05-23,1.9412893349443259e-07
2019-05-24,2.189185557303956e-07
2019-05-28,4.362700302339176e-07
2019-05-29,2.0137919463778712e-07
2019-05-31,1.978382643692891e-07
2019-06-03,2.0137919463778712e-07
2019-06-04,2.0137919463778712e-07
2019-06-05,1.9703462916935433e-07
2019-06-06,1.9703462916935433e-07
2019-06-07,4.231976357491361e-07
2019-06-11,4.231976357491361e-07
2019-06-12,2.004210495960628e-07
2019-06-13,1.955283799000292e-07
2019-06-14,1.955283799000292e-07
2019-06-17,1.955283799000292e-07
2019-06-18,4.501748128466226e-07
2019-06-19,4.501748128466226e-07
2019-06-20,4.501748128466226e-07
2019-06-21,4.501748128466226e-07
2019-06-24,4.88399736836548e-07
2019-06-25,1.9868677553731184e-07
2019-06-26,1.2341754422701758e-07
2019-06-27,4.88399736836548e-07
2019-06-28,4.88399736836548e-07
2019-07-01,2.3293760219709562e-07
2019-07-02,1.9703462916935433e-07
2019-07-03,8.03720615400192e-08
2019-07-04,8.03720615400192e-08
2019-07-05,2.140044606774911e-07
2019-07-08,2.3440004774854863e-07
2019-07-09,2.395253574871854e-07
2019-07-10,2.3682087324641273e-07
2019-07-11,5.365600100354671e-07
2019-07-12,5.365600100354671e-07
2019-07-15,1.0227745690562351e-07
2019-07-16,2.143259619077732e-07
2019-07-17,2.143259619077732e-07
2019-07-18,4.1091807918969795e-07
2019-07-19,1.8006153386198113e-07
2019-07-22,1.955283799000292e-07
2019-07-23,4.231976357491361e-07
2019-07-24,2.6573165362862847e-07
2019-07-25,6.990696021711111e-08
2019-07-26,6.84145561071119e-08
2019-07-29,2.5810820283957484e-07
2019-07-30,6.913426264545671e-08
2019-07-31,6.84145561071119e-08
2019-08-02,2.6131130757624147e-07
2019-08-05,2.3440004774854863e-07
2019-08-06,2.3516163567923842e-07
2019-08-07,2.3440004774854863e-07
2019-08-08,7.150180998109769e-08
2019-08-09,8.519896466932712e-08
2019-08-12,2.1815875539490696e-07
2019-08-13,6.838283450671448e-08
2019-08-14,6.838283450671448e-08
2019-08-16,2.1119617962990748e-07
2019-08-19,2.1119617962990748e-07
2019-08-20,2.1119617962990748e-07
2019-08-21,6.838283450671448e-08
2019-08-22,6.838283450671448e-08
2019-08-23,6.838283450671448e-08
2019-08-27,6.838283450671448e-08
2019-08-28,7.007109520775772e-08
2019-08-29,7.007109520775772e-08
2019-08-30,6.621626790789673e-08
2019-09-02,6.621626790789673e-08
2019-09-03,6.621626790789673e-08
2019-09-04,6.57017805952985e-08
2019-09-05,2.1055360347189503e-07
2019-09-06,2.1119617962990748e-07
2019-09-09,7.172279184247376e-08
2019-09-10,3.191898413385855e-07
2019-09-11,3.191898413385855e-07
2019-09-12,7.723432811914576e-08
2019-09-13,2.1728347685314557e-07
2019-09-16,1.283408379918872e-07
2019-09-17,7.808878026440033e-08
2019-09-18,7.808878026440033e-08
2019-09-19,7.947519940692472e-08
2019-09-20,2.2108056994908286e-07
2019-09-23,2.2108056994908286e-07
2019-09-24,2.2321244376201082e-07
2019-09-25,2.147653587780132e-07
2019-09-26,9.020188604799044e-08
2019-09-27,9.121881235768698e-08
2019-09-30,9.121881235768698e-08
2019-10-01,2.147653587780132e-07
2019-10-02,9.775574640667787e-08
2019-10-04,7.780631673559657e-08
2019-10-07,3.330888053507865e-07
2019-10-08,1.6043058236182154e-07
2019-10-09,1.6043058236182154e-07
2019-10-10,1.0594973476911296e-07
2019-10-11,9.653373605772445e-08
2019-10-14,9.919823697422557e-08
2019-10-15,4.16649148661291e-07
2019-10-16,7.774738970317749e-08
2019-10-17,1.1887348852263185e-07
2019-10-18,1.207825558281936e-07
2019-10-21,1.1612721263993804e-07
2019-10-22,1.2288002605539727e-07
2019-10-23,1.0741021912718841e-07
2019-10-24,4.026445547787342e-07
2019-10-25,1.0858793682082097e-07
2019-10-28,8.065200213207359e-08
2019-10-29,7.953699611621679e-08
2019-10-30,8.49653577890043e-08
2019-10-31,7.901184512764183e-08
2019-11-01,1.1436907097403402e-07
2019-11-04,1.1347831287474707e-07
2019-11-05,8.379428363167805e-08
2019-11-06,8.439280553834072e-08
2019-11-07,9.441228891198927e-08
2019-11-08,4.0589957385677757e-07
2019-11-11,9.434100889206327e-08
2019-11-12,3.036479204093219e-07
2019-11-13,7.125438482032997e-08
2019-11-14,9.800712345447464e-08
2019-11-15,1.0024623824224982e-07
2019-11-18,1.296494088392427e-07
2019-11-19,1.0024623824224982e-07
2019-11-20,1.2964940883924273e-07
2019-11-21,2.118520500986877e-07
2019-11-22,7.670222253665385e-08
2019-11-25,7.839467644257987e-08
2019-11-26,8.065200213207359e-08
2019-11-27,7.901184512764183e-08
2019-11-28,4.435301293047005e-07
2019-11-29,4.4056097563775187e-07
2019-12-02,1.0988463270512312e-07
2019-12-03,1.1133165590244531e-07
2019-12-04,1.1133165590244535e-07
2019-12-05,1.1133165590244531e-07
2019-12-06,1.0086810163478924e-07
2019-12-09,1.0086810163478924e-07
2019-12-10,1.09066812903777e-07
2019-12-11,8.522116504150339e-08
2019-12-12,8.522116504150339e-08
2019-12-13,8.297683678812848e-08
2019-12-16,1.1190782560023814e-07
2019-12-17,1.238513670397705e-07
2019-12-18,1.2396677905281685e-07
2019-12-19,1.1647460346709227e-07
2019-12-20,1.1489052641645101e-07
2019-12-23,1.1489052641645101e-07
2019-12-27,1.1489052641645101e-07
2019-12-30,8.827988840427401e-08
2020-01-03,1.1761836135494366e-07
2020-01-06,1.178805503036751e-07
2020-01-07,8.500092307690716e-08
2020-01-08,1.1653379777787568e-07
2020-01-09,1.0597635700396165e-07
2020-01-10,1.1304415076661241e-07
2020-01-13,1.1679854513870517e-07
2020-01-14,1.139203701616838e-07
2020-01-15,1.171343615812871e-07
2020-01-16,1.1007259618258081e-07
2020-01-17,1.5820453552048312e-07
2020-01-20,1.1012316771697032e-07
2020-01-21,1.1012316771697032e-07
2020-01-22,1.220546805345216e-07
2020-01-23,1.0903467471568826e-07
2020-01-24,1.2396677905281685e-07
2020-01-27,1.3582673617449007e-07
2020-01-28,1.3582673617449007e-07
2020-01-29,1.5762879950440592e-07
2020-01-30,1.5762879950440592e-07
2020-01-31,1.0967950752621398e-07
2020-02-03,9.489287858502928e-08
2020-02-04,1.300801680924678e-07
2020-02-05,1.2989568270578086e-07
2020-02-06,1.5762879950440592e-07
2020-02-07,1.5762879950440592e-07
2020-02-10,1.0569548514120487e-07
2020-02-11,8.372276408211384e-08
2020-02-12,1.263231760677437e-07
2020-02-13,1.903449415674902e-07
2020-02-14,9.008321159375329e-08
2020-02-17,8.791688821515751e-08
2020-02-18,1.678924375325896e-07
2020-02-19,1.0264309603378754e-07
2020-02-20,9.75969425275242e-08
2020-02-21,9.274373282823393e-08
2020-02-24,1.2962131292203037e-07
2020-02-25,8.97783306513861e-08
2020-02-26,1.0727990630376498e-07
2020-02-27,1.0330207633582537e-07
2020-02-28,1.0040896451191655e-07
2020-03-02,1.0079234948153426e-07
2020-03-03,4.7541652247419624e-07
2020-03-04,1.0521196481774181e-07
2020-03-05,2.493072852506933e-07
2020-03-06,3.129490221287466e-07
2020-03-09,2.5238997089640025e-07
2020-03-10,2.0728996885102985e-07
2020-03-11,1.4585941772525855e-07
2020-03-12,1.588609279257877e-07
2020-03-13,8.867964747482217e-08
2020-03-16,1.346154929198499e-07
2020-03-17,1.6932532175078741e-07
2020-03-18,1.193861273106249e-07
2020-03-19,2.969795464182253e-07
2020-03-20,6.923588021611403e-07
2020-03-23,7.165098186780083e-08
2020-03-24,3.331084533302297e-07
2020-03-25,9.91201578224142e-08
2020-03-26,5.733732055938934e-07
2020-03-27,6.973535365238653e-07
2020-03-30,1.1257302233888274e-07
2020-03-31,1.2522128542275286e-07
2020-04-01,5.714762000888308e-07
2020-04-02,7.238650259294735e-08
2020-04-03,2.3536708932246647e-07
2020-04-06,6.465424720649643e-08
2020-04-07,5.863284879530833e-07
2020-04-08,5.866561321788914e-07
2020-04-09,2.4637640048247646e-07
2020-04-14,8.459476307485542e-08
2020-04-15,1.2114509157244406e-07
2020-04-16,7.625302030574125e-08
2020-04-17,9.46085101535956e-08
2020-04-20,2.058339262601456e-07
2020-04-21,8.587271067193191e-08
2020-04-22,2.1521009015376987e-07
2020-04-23,7.873534975425393e-08
2020-04-24,1.6719794604583404e-07
2020-04-27,9.837766930757925e-08
2020-04-28,1.5765594760812107e-07
2020-04-29,1.7367757643987122e-07
2020-04-30,1.1900198124940224e-07
2020-05-04,1.0890749326142737e-07
2020-05-05,1.373249557554654e-07
2020-05-06,1.5854856946824733e-07
2020-05-07,1.2734415151917897e-07
2020-05-11,1.6403882687688687e-07
2020-05-12,1.8497515979303054e-07
2020-05-13,1.2247943671968045e-07
2020-05-14,1.2897110528028895e-07
2020-05-15,1.2897110528028895e-07
2020-05-18,1.0244513740979123e-07
2020-05-19,2.067983206968904e-07
2020-05-20,1.8470375323276565e-07
2020-05-22,7.369354540946994e-08
2020-05-26,1.2091765025317306e-07
2020-05-27,1.438649137751074e-07
2020-05-28,1.4935520664161587e-07
2020-05-29,1.0833092698209067e-07
2020-06-02,9.897896650913063e-08
2020-06-03,1.3045560865930913e-07
2020-06-04,6.173924126834253e-08
2020-06-05,1.4263406450316295e-07
2020-06-08,1.0547930250656644e-07
2020-06-09,1.0670252940386135e-07
2020-06-10,1.0683845563883512e-07
2020-06-11,2.2915040728982816e-07
2020-06-12,1.368883199170839e-07
2020-06-15,1.4524090863255294e-07
2020-06-16,1.1061808154659321e-07
2020-06-17,2.8787598920392775e-07
2020-06-18,1.1061808154659321e-07
2020-06-19,1.1061808154659321e-07
2020-06-22,1.1432138692692661e-07
2020-06-23,1.1432138692692661e-07
2020-06-24,1.1432138692692661e-07
2020-06-25,1.1432138692692661e-07
2020-06-26,1.1963744824450245e-07
2020-06-29,1.1963744824450245e-07
2020-06-30,1.1963744824450245e-07
2020-07-01,1.1963744824450245e-07
2020-07-02,1.5024970955000696e-07
2020-07-03,1.955201690999696e-07
2020-07-06,1.7268957602098642e-07
2020-07-07,1.955201690999696e-07
2020-07-08,1.4854295382874699e-07
2020-07-09,1.9340793962620344e-07
2020-07-10,1.9340793962620344e-07
2020-07-13,1.1298410545563055e-07
2020-07-14,1.8497231151308816e-07
2020-07-15,9.190522498116691e-08
2020-07-16,9.565045769232132e-08
2020-07-17,9.306712170857489e-08
2020-07-20,2.010127675664416e-07
2020-07-21,1.1773322051709404e-07
2020-07-22,2.1889119608546752e-07
2020-07-23,1.575589781566708e-07
2020-07-24,1.3062789273679466e-07
2020-07-27,1.4603703641480003e-07
2020-07-28,1.832064207986023e-07
2020-07-29,8.061680544655865e-08
2020-07-30,1.280964521202714e-07
2020-07-31,1.0679551628132798e-07
2020-08-03,8.600703688917326e-08
2020-08-04,1.0533346998514291e-07
2020-08-05,8.091575332929157e-08
2020-08-06,1.2171423145606606e-07
2020-08-07,1.016368873871642e-07
2020-08-10,2.0506207331421745e-07
2020-08-11,1.1499165773784374e-07
2020-08-12,1.0737287889934885e-07
2020-08-13,1.7656438583396904e-07
2020-08-14,1.0859026287946866e-07
2020-08-17,8.091575332929157e-08
2020-08-18,1.0859026287946866e-07
2020-08-19,1.0859026287946866e-07
2020-08-20,9.248441404402359e-08
2020-08-21,9.414199752876681e-08
2020-08-24,9.414199752876681e-08
2020-08-25,9.414199752876681e-08
2020-08-26,1.570150373892423e-07
2020-08-27,8.899000063988238e-08
2020-08-28,9.653411142578933e-08
2020-09-01,2.517772963893017e-07
2020-09-02,1.0380050107504887e-07
2020-09-03,1.0135433898803413e-07
2020-09-04,8.774009890769974e-08
2020-09-07,8.774009890769974e-08
2020-09-08,7.916959940116436e-08
2020-09-09,8.171886222401514e-08
2020-09-10,8.171886222401514e-08
2020-09-11,1.280321646221543e-07
2020-09-14,1.213253321469467e-07
2020-09-15,1.213253321469467e-07
2020-09-16,8.229252701651281e-08
2020-09-17,1.0135433898803415e-07
2020-09-18,1.0970546101572527e-07
2020-09-21,1.3394845639027548e-07
2020-09-22,2.3529982429527785e-07
2020-09-23,1.864096338886419e-07
2020-09-24,1.0878284935653525e-07
2020-09-25,9.739725134842951e-08
2020-09-28,1.098252856845507e-07
2020-09-29,1.098252856845507e-07
2020-09-30,1.4365071052551655e-07
2020-10-01,1.2689041523485205e-07
2020-10-02,1.0878243128491546e-07
2020-10-05,1.0983118007099812e-07
2020-10-06,1.2664400422145718e-07
2020-10-07,1.2664400422145718e-07
2020-10-08,1.694842542402751e-07
2020-10-09,1.45587162342272e-07
2020-10-12,7.881219974154096e-08
2020-10-13,8.210994986622871e-08
2020-10-14,1.8489535906290805e-07
2020-10-15,1.0557820675932676e-07
2020-10-16,1.0557820675932676e-07
2020-10-19,1.1218613770133266e-07
2020-10-20,2.477309034853957e-07
2020-10-21,2.7488459029227577e-07
2020-10-22,1.5598012286093097e-07
2020-10-23,1.4823695407827304e-07
2020-10-26,1.611478896536966e-07
2020-10-27,2.7336623264255343e-07
2020-10-28,6.155144741539741e-08
2020-10-29,1.8375806716847658e-07
2020-10-30,3.0506125343430566e-07
2020-11-02,1.1950006287081913e-07
2020-11-03,1.1950006287081913e-07
2020-11-04,1.1874017761041781e-07
2020-11-05,1.7259374116987016e-07
2020-11-06,8.533209296647116e-08
2020-11-09,6.975401363623475e-08
2020-11-10,9.588712763533162e-08
2020-11-11,7.980797607070381e-08
2020-11-12,8.280666254644022e-08
2020-11-13,5.953933414646319e-08
2020-11-16,7.847145404974899e-08
2020-11-17,7.293364010992304e-08
2020-11-18,8.02514311119454e-08
2020-11-19,1.2629078176851675e-07
2020-11-20,2.1834717848763647e-07
2020-11-23,8.27994925916466e-08
2020-11-24,1.2891597644867656e-07
2020-11-25,2.769407057618395e-07
2020-11-26,1.0521359013256857e-07
2020-11-27,2.318648651911071e-07
2020-11-30,2.3186486519110705e-07
2020-12-01,6.177729950545144e-08
2020-12-02,2.249423553086375e-07
2020-12-03,2.249423553086375e-07
2020-12-04,6.067127157564133e-08
2020-12-07,8.553499487492562e-08
2020-12-08,8.443935332784262e-08
2020-12-09,9.571493699567909e-08
2020-12-10,8.692749418970403e-08
2020-12-11,2.2277098137765212e-07
2020-12-14,6.58818984456074e-08
2020-12-15,5.468351078876674e-08
2020-12-16,1.1674370154483788e-07
2020-12-17,5.78489101497299e-08
2020-12-18,2.3162462012780825e-07
2020-12-21,7.583407118100509e-08
2020-12-22,2.3258526109842362e-07
2020-12-23,7.37489277023695e-08
2020-12-29,2.3258526109842362e-07
2020-12-30,2.3258526109842362e-07
2021-01-04,7.468378450198768e-08
2021-01-05,8.021899403988153e-08
2021-01-06,8.02189940398815e-08
2021-01-07,5.8287048339300236e-08
2021-01-08,7.377782995386821e-08
2021-01-11,1.1666025622449784e-07
2021-01-12,1.2679388557778573e-07
2021-01-13,6.416685729029801e-08
2021-01-14,6.416685729029801e-08
2021-01-15,6.447364112185137e-08
2021-01-18,1.2098745448154858e-07
2021-01-19,8.095046244363621e-08
2021-01-20,8.665404644102341e-08
2021-01-21,6.746153597056313e-08
2021-01-22,6.746153597056313e-08
2021-01-25,6.603801873954625e-08
2021-01-26,6.603801873954625e-08
2021-01-27,6.67653047204623e-08
2021-01-28,1.4541184337315715e-07
2021-01-29,1.361803236035329e-07
2021-02-01,8.127630961817588e-08
2021-02-02,9.732488994958628e-08
2021-02-03,9.732488994958628e-08
2021-02-04,6.151395279297085e-08
2021-02-05,6.151395279297085e-08
2021-02-08,6.151395279297085e-08
2021-02-09,6.151395279297085e-08
2021-02-10,6.501800949096699e-08
2021-02-11,5.3428370567613294e-08
2021-02-12,5.4952482999100285e-08
2021-02-15,8.589096039525037e-08
2021-02-16,9.371283275638544e-08
2021-02-17,9.371283275638544e-08
2021-02-18,9.121881235768698e-08
2021-02-19,1.2682048690425165e-07
2021-02-22,2.514254707065867e-07
2021-02-23,1.3416980196932768e-07
2021-02-24,1.3687229077819599e-07
2021-02-25,2.2382563595711675e-07
2021-02-26,2.2470092316175794e-07
2021-03-01,2.0351397754764915e-07
2021-03-02,2.0438926475229038e-07
2021-03-03,1.861252973722837e-07
2021-03-04,1.8629028044689283e-07
2021-03-05,2.0587442944045197e-07
2021-03-08,1.8996550677641454e-07
2021-03-09,1.1276157945382643e-07
2021-03-10,2.0177889726643153e-07
2021-03-11,5.56085734280273e-08
2021-03-12,5.4775901697919135e-08
2021-03-15,2.2463755694016296e-07
2021-03-16,1.2105646483180294e-07
2021-03-17,1.2105646483180294e-07
2021-03-18,1.4946146819139053e-07
2021-03-19,1.4946146819139053e-07
2021-03-22,5.3042931681636015e-08
2021-03-23,5.446171901002087e-08
2021-03-24,5.4452856093374316e-08
2021-03-25,1.4977462820949529e-07
2021-03-26,1.5125238144403523e-07
2021-03-29,6.338135187753689e-08
2021-03-30,6.621803004482537e-08
2021-03-31,1.600513568594511e-07
2021-04-01,2.042989137395007e-07
2021-04-06,1.2422072680292286e-07
2021-04-07,1.2426248073260306e-07
2021-04-08,1.2109274977957707e-07
2021-04-09,1.2426248073260306e-07
2021-04-12,1.2426248073260306e-07
2021-04-13,6.194596868587387e-08
2021-04-14,5.233880884175893e-08
2021-04-15,5.688316773133229e-08
2021-04-16,5.799326787978044e-08
2021-04-19,5.7485368839833974e-08
2021-04-20,5.244482557377082e-08
2021-04-21,5.416147387355073e-08
2021-04-22,6.383974202127375e-08
2021-04-23,5.2386927201219404e-08
2021-04-26,5.2495099732243475e-08
2021-04-27,6.585348458093249e-08
2021-04-28,6.887362518679803e-08
2021-04-29,5.57364278068498e-08
2021-04-30,1.1493511891586325e-07
2021-05-04,1.126247708990831e-07
2021-05-05,1.126247708990831e-07
2021-05-06,5.4952482999100285e-08
2021-05-07,5.379049356528083e-08
2021-05-10,5.445179685745138e-08
2021-05-11,5.3626719802218215e-08
2021-05-12,5.2386927201219404e-08
2021-05-14,5.7666774636573043e-08
2021-05-17,6.733713436623934e-08
2021-05-18,6.990754153159758e-08
2021-05-19,6.57017805952985e-08
2021-05-20,5.4560924828838286e-08
2021-05-21,6.359860491721884e-08
2021-05-25,7.029102620720167e-08
2021-05-26,9.059156424965725e-08
2021-05-27,5.733118234348816e-08
2021-05-28,5.960161540946196e-08
2021-06-01,5.930494569306631e-08
2021-06-02,6.621626790789673e-08
2021-06-03,6.57017805952985e-08
2021-06-04,5.5793706233964935e-08
2021-06-07,5.3428370567613294e-08
2021-06-08,6.697805366263704e-08
2021-06-09,5.5793706233964935e-08
2021-06-10,6.697805366263704e-08
2021-06-11,6.697805366263704e-08
2021-06-14,7.053255183669171e-08
2021-06-15,6.697805366263704e-08
2021-06-16,6.697805366263704e-08
2021-06-17,7.053255183669171e-08
2021-06-18,7.053255183669171e-08
2021-06-21,7.124611249076366e-08
2021-06-22,6.872072692159793e-08
2021-06-23,6.994074771070571e-08
2021-06-24,6.994074771070571e-08
2021-06-25,1.317130781966945e-07
2021-06-28,1.317130781966945e-07
2021-06-29,1.317130781966945e-07
2021-06-30,1.2531316618635791e-07
2021-07-01,1.2531316618635791e-07
2021-07-02,1.2531316618635791e-07
2021-07-05,1.2531316618635791e-07
2021-07-06,6.450487486670815e-08
2021-07-07,5.3585466392825554e-08
2021-07-08,5.3585466392825554e-08
2021-07-09,6.24558367218028e-08
2021-07-12,6.718595922357398e-08
2021-07-13,6.718595922357398e-08
2021-07-14,6.718595922357398e-08
2021-07-15,5.874374472179874e-08
2021-07-16,5.874374472179874e-08
2021-07-19,5.874374472179874e-08
2021-07-20,5.962304056073476e-08
2021-07-21,5.962304056073476e-08
2021-07-22,5.874374472179874e-08
2021-07-23,5.874374472179874e-08
2021-07-26,6.810512042040524e-08
2021-07-27,6.810512042040524e-08
2021-07-28,6.810512042040524e-08
2021-07-29,6.343155788968974e-08
2021-07-30,6.343155788968974e-08
2021-08-02,6.269090262230278e-08
2021-08-03,6.269090262230278e-08
2021-08-04,6.24558367218028e-08
2021-08-05,1.340591052719601e-07
2021-08-06,1.203881900897224e-07
2021-08-09,6.24558367218028e-08
2021-08-10,6.24558367218028e-08
2021-08-11,1.1275600395503623e-07
2021-08-12,6.484083137877271e-08
2021-08-13,6.484083137877271e-08
2021-08-16,1.1275600395503623e-07
2021-08-17,1.1275600395503623e-07
2021-08-18,6.49725497655887e-08
2021-08-19,5.297261390597188e-08
2021-08-20,5.326843858427292e-08
2021-08-23,5.297261390597188e-08
2021-08-24,6.484083137877271e-08
2021-08-25,6.484083137877271e-08
2021-08-26,6.391053658458905e-08
2021-08-27,6.484083137877271e-08
2021-08-31,6.484083137877271e-08
2021-09-01,6.343155788968974e-08
2021-09-02,6.343155788968974e-08
2021-09-03,6.294734215497446e-08
2021-09-06,5.4920967821687424e-08
2021-09-07,5.4920967821687424e-08
2021-09-08,6.172533602836486e-08
2021-09-09,6.172533602836486e-08
2021-09-10,6.172533602836486e-08
2021-09-13,6.172533602836486e-08
2021-09-14,6.20045880667851e-08
2021-09-15,5.4505361603262526e-08
2021-09-16,5.4505361603262526e-08
2021-09-17,5.4505361603262526e-08
2021-09-20,6.10417138152156e-08
2021-09-21,6.10417138152156e-08
2021-09-22,6.10417138152156e-08
2021-09-23,6.10417138152156e-08
2021-09-24,6.10417138152156e-08
2021-09-27,5.4505361603262526e-08
2021-09-28,5.796974909490901e-08
2021-09-29,6.397773915427236e-08
2021-09-30,1.42745554182396e-07
2021-10-01,5.629022512116746e-08
2021-10-04,1.42745554182396e-07
2021-10-05,1.42745554182396e-07
2021-10-06,1.42745554182396e-07
2021-10-07,1.42745554182396e-07
2021-10-08,6.586638858042556e-08
2021-10-11,5.7666774636573043e-08
2021-10-12,9.411585333967246e-08
2021-10-13,8.19982907993875e-08
2021-10-14,5.835626076800852e-08
2021-10-15,5.9319713181934004e-08
2021-10-18,1.333306257909306e-07
2021-10-19,5.3316952388195635e-08
2021-10-20,5.9319713181934004e-08
2021-10-21,5.815777046583049e-08
2021-10-22,1.283771640394354e-07
2021-10-25,5.815777046583049e-08
2021-10-26,5.815777046583049e-08
2021-10-27,5.815777046583049e-08
2021-10-28,5.815777046583049e-08
2021-10-29,5.815777046583049e-08
2021-11-01,5.815777046583049e-08
2021-11-02,5.8157770465830484e-08
2021-11-03,5.8157770465830484e-08
2021-11-04,5.8708146656209506e-08
2021-11-05,6.054531117361844e-08
2021-11-08,1.627828348637399e-07
2021-11-09,1.627828348637399e-07
2021-11-10,6.298543421843126e-08
2021-11-11,6.298543421843126e-08
2021-11-12,6.298543421843126e-08
2021-11-15,6.298543421843126e-08
2021-11-16,6.237313924414234e-08
2021-11-17,1.5036078175229732e-07
2021-11-18,1.50899141904355e-07
2021-11-19,8.254079903233197e-08
2021-11-22,6.290604747404231e-08
2021-11-23,9.237459934966714e-08
2021-11-24,1.0869964626417812e-07
2021-11-25,6.84145561071119e-08
2021-11-26,6.654176871018613e-08
2021-11-29,1.1533689763237027e-07
2021-11-30,5.78427870770383e-08
2021-12-01,8.850081807992058e-08
2021-12-02,5.492546591874183e-08
2021-12-03,6.039214463624466e-08
2021-12-06,5.885938705257507e-08
2021-12-07,5.6540196095086355e-08
2021-12-08,5.3061037531316884e-08
2021-12-09,5.863890327275809e-08
